ProductCode,AssociatedProducts
100-100-3,100-100-4
100-100-3,100-100-5
100-100-3,100-100-6
100-100-3,100-100-8
100-100-3,100-100-10
100-100-3,100-100-15
100-100-3,200-100-2
100-100-3,pro-clean-200
100-100-3,pro-luster-250
100-100-3,90003
100-100-3,90010
100-100-3,col-192-100
100-100-3,mob-protec-7667
100-100-3,mob-protec-6790
100-100-4,100-100-3
100-100-4,100-100-5
100-100-4,100-100-6
100-100-4,100-100-8
100-100-4,100-100-10
100-100-4,100-100-15
100-100-4,200-100-2
100-100-4,pro-clean-200
100-100-4,pro-luster-250
100-100-4,90003
100-100-4,90010
100-100-4,col-192-100
100-100-5,100-100-3
100-100-5,100-100-4
100-100-5,100-100-6
100-100-5,100-100-8
100-100-5,100-100-10
100-100-5,100-100-15
100-100-5,200-100-2
100-100-5,pro-clean-200
100-100-5,pro-luster-250
100-100-5,90003
100-100-5,90010
100-100-5,col-192-100
100-100-5,mob-protec-7667
100-100-5,mob-protec-6790
100-100-6,100-100-3
100-100-6,100-100-4
100-100-6,100-100-5
100-100-6,100-100-8
100-100-6,100-100-10
100-100-6,100-100-15
100-100-6,200-100-2
100-100-6,pro-clean-200
100-100-6,pro-luster-250
100-100-6,90003
100-100-6,90010
100-100-6,col-192-100
100-100-6,mob-protec-7667
100-100-6,mob-protec-6790
100-100-8,100-100-3
100-100-8,100-100-4
100-100-8,100-100-5
100-100-8,100-100-6
100-100-8,100-100-10
100-100-8,100-100-15
100-100-8,200-100-2
100-100-8,pro-clean-200
100-100-8,pro-luster-250
100-100-8,90003
100-100-8,90010
100-100-8,col-192-100
100-100-10,100-100-3
100-100-10,100-100-4
100-100-10,100-100-5
100-100-10,100-100-6
100-100-10,100-100-8
100-100-10,100-100-15
100-100-10,200-100-2
100-100-10,pro-clean-200
100-100-10,pro-luster-250
100-100-10,90003
100-100-10,90010
100-100-10,col-192-100
100-100-15,100-100-3
100-100-15,100-100-4
100-100-15,100-100-5
100-100-15,100-100-6
100-100-15,100-100-8
100-100-15,100-100-10
100-100-15,200-100-2
100-100-15,pro-clean-200
100-100-15,pro-luster-250
100-100-15,90003
100-100-15,90010
100-100-15,col-192-100
100-100-20,pro-clean-200
100-100-20,pro-luster-250
100-100-20,90003
100-100-20,90010
100-100-30,pro-clean-200
100-100-30,pro-luster-250
100-100-30,90003
100-100-30,90010
100-150-5,pro-clean-200
100-150-8,pro-clean-200
100-160-10,pro-clean-200
100-160-10,pro-luster-250
100-160-10,90003
100-160-10,90010
101-230-3,101-200-6
101-230-3,101-210-3
101-230-3,101-200-5
101-230-3,pro-clean-200
101-230-3,pro-luster-250
101-230-3,90003
101-230-3,90010
101-230-3,101-200-8
101-300-5,pro-clean-200
101-300-5,pro-luster-250
101-300-5,90003
101-300-5,90010
101-200-6,101-230-3
101-200-6,101-210-3
101-200-6,101-200-5
101-200-6,pro-clean-200
101-200-6,pro-luster-250
101-200-6,90003
101-200-6,90010
101-200-6,101-200-8
101-210-3,101-230-3
101-210-3,101-200-6
101-210-3,101-200-5
101-210-3,301-210-3
101-210-3,pro-clean-200
101-210-3,pro-luster-250
101-210-3,90003
101-210-3,90010
101-210-3,101-200-8
114-100-3,pro-clean-200
114-100-3,pro-luster-250
114-100-3,90003
114-100-3,90010
114-132-8,pro-clean-200
114-132-8,pro-luster-250
114-132-8,90003
114-132-8,90010
114-200-3,pro-clean-200
114-200-3,pro-luster-250
114-200-3,90003
114-200-3,90010
114-208-3,pro-clean-200
114-208-3,pro-luster-250
114-208-3,90003
114-208-3,90010
114-150-3,pro-clean-200
114-150-3,pro-luster-250
114-150-3,90003
114-150-3,90010
118-106-8,pro-clean-200
118-106-8,pro-luster-250
118-106-8,90003
118-106-8,90010
119-101-6,pro-clean-200
119-101-6,pro-luster-250
119-101-6,90003
119-101-6,90010
119-101-8,pro-clean-200
119-101-8,pro-luster-250
119-101-8,90003
119-101-8,90010
119-101-10,pro-clean-200
119-101-10,pro-luster-250
119-101-10,90003
119-101-10,90010
119-307-3,119-101-6
119-307-3,119-301-3
119-307-3,119-400-6
119-307-3,pro-clean-200
119-307-3,pro-luster-250
119-307-3,90003
119-307-3,90010
119-301-3,119-101-6
119-301-3,119-307-3
119-301-3,119-400-6
119-301-3,pro-clean-200
119-301-3,pro-luster-250
119-301-3,90003
119-301-3,90010
116-200-3,pro-clean-200
116-200-3,pro-luster-250
116-200-3,90003
116-200-3,90010
116-100-3,pro-clean-200
116-100-3,pro-luster-250
116-100-3,90003
116-100-3,90010
102-300-5,100-100-3
102-300-5,100-100-4
102-300-5,100-100-5
102-300-5,100-100-6
102-300-5,100-100-8
102-300-5,100-100-10
102-300-5,102-300-8
102-300-5,102-301-3
102-300-5,pro-clean-200
102-300-5,pro-luster-250
102-300-5,90003
102-300-5,90010
102-300-5,102-300-3
102-300-5,102-400-10
102-300-8,100-100-3
102-300-8,100-100-4
102-300-8,100-100-5
102-300-8,100-100-6
102-300-8,100-100-8
102-300-8,100-100-10
102-300-8,102-300-5
102-300-8,102-300-8
102-300-8,102-301-3
102-300-8,pro-clean-200
102-300-8,pro-luster-250
102-300-8,90003
102-300-8,90010
102-300-8,102-300-3
102-300-8,102-400-10
102-301-3,102-300-5
102-301-3,102-300-8
102-301-3,pro-clean-200
102-301-3,pro-luster-250
102-301-3,90003
102-301-3,90010
102-301-3,102-300-3
102-301-3,102-400-10
117-100-3,pro-clean-200
117-100-3,pro-luster-250
117-100-3,90003
117-100-3,90010
117-200-3,pro-clean-200
117-200-3,pro-luster-250
117-200-3,90003
117-200-3,90010
111-200-3,111-200-3
111-200-3,111-150-3
111-200-3,111-400-6
111-200-3,111-450-5
111-200-3,pro-clean-200
111-200-3,pro-luster-250
111-200-3,90003
111-200-3,90010
111-100-3,111-200-3
111-100-3,111-150-3
111-100-3,111-400-6
111-100-3,111-450-5
111-100-3,pro-clean-200
111-100-3,pro-luster-250
111-100-3,90003
111-100-3,90010
111-150-3,111-200-3
111-150-3,111-100-3
111-150-3,111-400-6
111-150-3,111-450-5
111-150-3,pro-clean-200
111-150-3,pro-luster-250
111-150-3,90003
111-150-3,90010
115-100-3,pro-clean-200
115-100-3,pro-luster-250
115-100-3,90003
115-100-3,90010
115-203-3,pro-clean-200
115-203-3,pro-luster-250
115-203-3,90003
115-203-3,90010
115-200-3,pro-clean-200
115-200-3,pro-luster-250
115-200-3,90003
115-200-3,90010
115-102-3,pro-clean-200
115-102-3,pro-luster-250
115-102-3,90003
115-102-3,90010
116-150-3,pro-clean-200
116-150-3,pro-luster-250
116-150-3,90003
116-150-3,90010
112-200-3,112-100-3
112-200-3,112-401-6
112-200-3,112-402-3
112-200-3,pro-clean-200
112-200-3,pro-luster-250
112-200-3,90003
112-200-3,90010
113-100-3,pro-clean-200
113-100-3,pro-luster-250
113-100-3,90003
113-100-3,90010
112-100-3,112-200-3
112-100-3,112-401-6
112-100-3,112-402-3
112-100-3,pro-clean-200
112-100-3,pro-luster-250
112-100-3,90003
112-100-3,90010
200-100-2,100-100-3
200-100-2,100-100-4
200-100-2,100-100-5
200-100-2,100-100-6
200-100-2,100-100-8
200-100-2,100-100-10
200-100-2,100-100-15
200-100-2,pro-clean-200
200-100-2,pro-luster-250
200-100-2,90003
200-100-2,90010
200-100-2,col-192-100
200-100-3,100-100-3
200-100-3,100-100-4
200-100-3,100-100-5
200-100-3,200-100-2
200-100-3,200-100-5
200-100-3,pro-clean-200
200-100-5,100-100-3
200-100-5,100-100-4
200-100-5,100-100-5
200-100-5,100-100-6
200-100-5,200-100-3
200-100-5,pro-clean-200
101-200-5,101-230-3
101-200-5,101-200-6
101-200-5,101-210-3
101-200-5,pro-clean-200
101-200-5,pro-luster-250
101-200-5,90003
101-200-5,90010
101-200-5,101-200-8
230-300-3,pro-clean-200
230-300-3,pro-luster-250
100-400-3,100-400-5
100-400-3,100-400-8
100-400-3,101-400-3
100-400-3,101-400-5
100-400-3,101-400-8
100-400-3,pro-clean-200
100-400-3,90003
100-400-5,100-400-3
100-400-5,100-400-8
100-400-5,101-400-3
100-400-5,101-400-5
100-400-5,101-400-8
100-400-5,pro-clean-200
100-400-5,90003
100-400-8,100-400-3
100-400-8,100-400-5
100-400-8,101-400-3
100-400-8,101-400-5
100-400-8,101-400-8
100-400-8,pro-clean-200
100-400-8,90003
101-400-3,100-400-3
101-400-3,100-400-5
101-400-3,100-400-8
101-400-3,101-400-5
101-400-3,101-400-8
101-400-3,pro-clean-200
101-400-3,90003
101-400-5,101-230-3
101-400-5,101-210-3
101-400-5,101-200-5
101-400-5,100-400-3
101-400-5,100-400-5
101-400-5,100-400-8
101-400-5,101-400-3
101-400-5,101-400-8
101-400-5,pro-clean-200
101-400-5,90003
101-400-8,101-230-3
101-400-8,101-210-3
101-400-8,100-400-3
101-400-8,100-400-5
101-400-8,100-400-8
101-400-8,101-400-3
101-400-8,101-400-5
101-400-8,pro-clean-200
114-404-6,pro-clean-200
114-400-4,pro-clean-200
118-400-3,pro-clean-200
119-400-6,119-101-6
119-400-6,119-307-3
119-400-6,119-301-3
119-400-6,pro-clean-200
100-420-5,pro-clean-200
116-400-3,pro-clean-200
117-400-6,pro-clean-200
117-407-3,pro-clean-200
111-400-6,111-200-3
111-400-6,111-100-3
111-400-6,111-150-3
111-400-6,111-450-5
111-400-6,pro-clean-200
111-400-6,90003
111-450-5,111-200-3
111-450-5,111-100-3
111-450-5,111-150-3
111-450-5,111-400-6
111-450-5,pro-clean-200
111-450-5,90003
115-405-6,pro-clean-200
112-401-6,112-200-3
112-401-6,112-100-3
112-401-6,112-402-3
112-402-3,112-200-3
112-402-3,112-100-3
112-402-3,112-401-6
112-402-3,pro-clean-200
113-400-3,pro-clean-200
300-100-3,pro-clean-200
300-100-5,pro-clean-200
300-100-6,pro-clean-200
300-100-8,pro-clean-200
301-210-3,101-210-3
301-210-3,pro-clean-200
pro-clean-200,100-100-3
pro-clean-200,100-100-4
pro-clean-200,100-100-5
pro-clean-200,100-100-6
pro-clean-200,100-100-8
pro-clean-200,100-100-10
pro-clean-200,100-100-15
pro-clean-200,pro-luster-250
pro-clean-200,col-192-100
pro-luster-250,100-100-3
pro-luster-250,100-100-4
pro-luster-250,100-100-5
pro-luster-250,100-100-6
pro-luster-250,100-100-8
pro-luster-250,100-100-10
pro-luster-250,100-100-15
pro-luster-250,pro-clean-200
pro-luster-250,col-192-100
102-300-3,102-300-5
102-300-3,102-300-8
102-300-3,102-301-3
102-300-3,pro-clean-200
102-300-3,pro-luster-250
102-300-3,90003
102-300-3,90010
102-300-3,102-400-10
tub-pmi-20-2,pro-clean-200
tub-pmi-20-2,tub-pmi-30-2
tub-pmi-20-2,tub-pmi-40-3
tub-pmi-20-2,tub-pmi-50-3
tub-pmi-20-2,tub-pmi-60-3
tub-pmi-30-2,tub-pmi-20-2
tub-pmi-30-2,tub-pmi-40-3
tub-pmi-30-2,tub-pmi-50-3
tub-pmi-30-2,tub-pmi-60-3
tub-pmi-30-2,tub-pmi-70-3
tub-pmi-40-3,tub-pmi-20-2
tub-pmi-40-3,tub-pmi-30-2
tub-pmi-40-3,tub-pmi-50-3
tub-pmi-40-3,tub-pmi-60-3
tub-pmi-40-3,tub-pmi-70-3
tub-pmi-50-3,tub-pmi-30-2
tub-pmi-50-3,tub-pmi-40-3
tub-pmi-50-3,tub-pmi-60-3
tub-pmi-50-3,tub-pmi-70-3
tub-pmi-50-3,tub-pmi-80-3
tub-pmi-60-3,tub-pmi-40-3
tub-pmi-60-3,tub-pmi-50-3
tub-pmi-60-3,tub-pmi-70-3
tub-pmi-60-3,tub-pmi-80-3
tub-pmi-60-3,tub-pmi-90-3
tub-pmi-70-3,tub-pmi-50-3
tub-pmi-70-3,tub-pmi-60-3
tub-pmi-70-3,tub-pmi-80-3
tub-pmi-70-3,tub-pmi-90-3
tub-pmi-70-3,tub-pmi-100-3
tub-pmi-80-3,tub-pmi-60-3
tub-pmi-80-3,tub-pmi-70-3
tub-pmi-80-3,tub-pmi-90-3
tub-pmi-80-3,tub-pmi-100-3
tub-pmi-80-3,tub-pmi-120-3
tub-pmi-90-3,tub-pmi-60-3
tub-pmi-90-3,tub-pmi-70-3
tub-pmi-90-3,tub-pmi-80-3
tub-pmi-90-3,tub-pmi-100-3
tub-pmi-90-3,tub-pmi-120-3
tub-pmi-100-3,tub-pmi-70-3
tub-pmi-100-3,tub-pmi-90-3
tub-pmi-100-3,tub-pmi-100-3
tub-pmi-100-3,tub-pmi-120-3
tub-pmi-100-3,tub-pmi-150-3
tub-pmi-120-3,tub-pmi-90-3
tub-pmi-120-3,tub-pmi-100-3
tub-pmi-120-3,tub-pmi-150-3
tub-pmi-120-3,tub-pmi-200-3
tub-pmi-120-3,tub-pmi-300-4
tub-pmi-150-3,tub-pmi-90-3
tub-pmi-150-3,tub-pmi-100-3
tub-pmi-150-3,tub-pmi-120-3
tub-pmi-150-3,tub-pmi-200-3
tub-pmi-150-3,tub-pmi-300-4
tub-pmi-200-3,tub-pmi-90-3
tub-pmi-200-3,tub-pmi-100-3
tub-pmi-200-3,tub-pmi-120-3
tub-pmi-200-3,tub-pmi-150-3
tub-pmi-200-3,tub-pmi-300-4
tub-pmi-300-4,tub-pmi-90-3
tub-pmi-300-4,tub-pmi-100-3
tub-pmi-300-4,tub-pmi-120-3
tub-pmi-300-4,tub-pmi-150-3
tub-pmi-300-4,tub-pmi-200-3
glo-pmi-200,pro-clean-200
glo-pmi-200,pro-luster-250
glo-pmi-200,glo-pmi-300
glo-pmi-200,glo-pmi-400
glo-pmi-200,glo-pmi-500
glo-pmi-300,pro-clean-200
glo-pmi-300,pro-luster-250
glo-pmi-300,glo-pmi-200
glo-pmi-300,glo-pmi-400
glo-pmi-300,glo-pmi-500
glo-pmi-400,pro-clean-200
glo-pmi-400,pro-luster-250
glo-pmi-400,glo-pmi-200
glo-pmi-400,glo-pmi-300
glo-pmi-400,glo-pmi-500
glo-pmi-500,pro-clean-200
glo-pmi-500,pro-luster-250
glo-pmi-500,glo-pmi-200
glo-pmi-500,glo-pmi-300
glo-pmi-500,glo-pmi-400
glo-pmi-200-sc,pro-clean-200
glo-pmi-200-sc,pro-luster-250
glo-pmi-200-sc,90003
glo-pmi-200-sc,90010
glo-pmi-300-sc,pro-clean-200
glo-pmi-300-sc,pro-luster-250
glo-pmi-300-sc,90003
glo-pmi-300-sc,90010
glo-pmi-400-sc,pro-clean-200
glo-pmi-400-sc,pro-luster-250
glo-pmi-400-sc,90003
glo-pmi-400-sc,90010
glo-pmi-500-sc,pro-clean-200
glo-pmi-500-sc,pro-luster-250
glo-pmi-500-sc,90003
glo-pmi-500-sc,90010
bul-pmi-200,pro-clean-200
bul-pmi-200,pro-luster-250
bul-pmi-200,90003
bul-pmi-200,90010
bul-pmi-150,pro-clean-200
bul-pmi-150,pro-luster-250
bul-pmi-150,90003
bul-pmi-150,90010
bul-pmi-250,pro-clean-200
bul-pmi-250,pro-luster-250
bul-pmi-250,90003
bul-pmi-250,90010
bul-pmi-300,pro-clean-200
bul-pmi-300,pro-luster-250
bul-pmi-300,90003
bul-pmi-300,90010
bul-pmi-400,pro-clean-200
bul-pmi-400,pro-luster-250
bul-pmi-400,90003
bul-pmi-400,90010
bul-pmi-350,pro-clean-200
bul-pmi-350,pro-luster-250
bul-pmi-350,90003
bul-pmi-350,90010
bul-pmi-500,pro-clean-200
bul-pmi-500,pro-luster-250
bul-pmi-500,90003
bul-pmi-500,90010
bul-pmi-600,pro-clean-200
bul-pmi-600,pro-luster-250
bul-pmi-600,90003
bul-pmi-600,90010
bou-pmi-200,pro-clean-200
bou-pmi-200,pro-luster-250
bul-pmi-150-sc,pro-clean-200
bul-pmi-150-sc,pro-luster-250
bul-pmi-150-sc,90003
bul-pmi-150-sc,90010
bul-pmi-200-sc,pro-clean-200
bul-pmi-200-sc,pro-luster-250
bul-pmi-200-sc,90003
bul-pmi-200-sc,90010
bul-pmi-250-sc,pro-clean-200
bul-pmi-250-sc,pro-luster-250
bul-pmi-250-sc,90003
bul-pmi-250-sc,90010
bul-pmi-300-sc,pro-clean-200
bul-pmi-300-sc,pro-luster-250
bul-pmi-300-sc,90003
bul-pmi-300-sc,90010
bul-pmi-350-sc,pro-clean-200
bul-pmi-350-sc,pro-luster-250
bul-pmi-350-sc,90003
bul-pmi-350-sc,90010
bul-pmi-400-sc,pro-clean-200
bul-pmi-400-sc,pro-luster-250
bul-pmi-400-sc,90003
bul-pmi-400-sc,90010
bul-pmi-500-sc,pro-clean-200
bul-pmi-500-sc,pro-luster-250
bul-pmi-500-sc,90003
bul-pmi-500-sc,90010
bul-pmi-600-sc,pro-clean-200
bul-pmi-600-sc,pro-luster-250
bul-pmi-600-sc,90003
bul-pmi-600-sc,90010
102-400-10,102-300-5
102-400-10,102-300-8
102-400-10,102-301-3
102-400-10,pro-clean-200
102-400-10,102-300-3
401-300-3,pro-clean-200
301-200-3,101-210-3
301-200-3,pro-clean-200
431-300-3,pro-clean-200
101-200-8,101-230-3
101-200-8,101-200-6
101-200-8,101-210-3
101-200-8,101-200-5
101-200-8,pro-clean-200
101-200-8,pro-luster-250
101-200-8,90003
101-200-8,90010
201-300-3,pro-clean-200
201-300-3,pro-luster-250
201-300-3,90003
201-300-3,90010
118-106-6,pro-clean-200
118-106-6,pro-luster-250
118-106-6,90003
118-106-6,90010
201-305-6,pro-clean-200
201-305-6,pro-luster-250
100-420-4,pro-clean-200
115-104-8,pro-clean-200
115-104-8,pro-luster-250
115-104-8,90003
115-104-8,90010
100-420-6,100-400-3
100-420-6,100-400-5
100-420-6,100-400-8
100-420-6,101-400-3
100-420-6,101-400-5
100-420-6,101-400-8
100-420-6,pro-clean-200
300-160-5,pro-clean-200
201-300-5,pro-clean-200
201-300-5,pro-luster-250
201-300-5,90003
201-300-5,90010
mob-protec-7667,100-100-3
mob-protec-7667,mob-protec-6790
mob-protec-7667,mob-protec-XL
mob-protec-6790,100-100-3
mob-protec-6790,mob-protec-7667
mob-protec-6790,mob-protec-XL
mob-protec-XL,mob-protec-7667
mob-protec-XL,mob-protec-6790
mob-hygia-PC1,mob-protec-7667
mob-hygia-PC1,mob-protec-6790
pet-100-3,100-100-3
pet-100-3,300-100-3
pet-100-3,mob-protec-7667
pet-100-3,mob-protec-6790
pet-100-3,mob-protec-XL
pet-100-3,mob-hygia-PC1
pet-100-3,pet-3x2-3
pet-100-3,pet-2x1-3
hygia-120x64,100-100-3
hygia-120x64,mob-protec-6790
hygia-120x64,mob-protec-XL
sepa-luxe-150x100,mob-protec-7667
sepa-luxe-150x100,mob-protec-6790
sepa-luxe-150x100,mob-protec-XL
sepa-luxe-150x100,hygia-120x64
bul-pmi-600-4,pro-clean-200
bul-pmi-600-4,pro-luster-250
bul-pmi-600-4,90003
bul-pmi-600-4,90010
bul-pmi-500-4,pro-clean-200
bul-pmi-500-4,pro-luster-250
bul-pmi-500-4,90003
bul-pmi-500-4,90010
bul-pmi-400-4,pro-clean-200
bul-pmi-400-4,pro-luster-250
bul-pmi-400-4,90003
bul-pmi-400-4,90010
mob-protec-7667-p,100-100-3
mob-protec-7667-p,mob-protec-7667
mob-protec-7667-p,mob-protec-6790
mob-protec-7667-p,mob-protec-XL
200-100-8,100-100-3
200-100-8,100-100-4
200-100-8,100-100-5
200-100-8,200-100-2
200-100-8,200-100-5
200-100-8,pro-clean-200
111-450-3,111-200-3
111-450-3,111-100-3
111-450-3,111-150-3
111-450-3,111-400-6
111-450-3,pro-clean-200
111-450-3,90003
